insert into question (id, text) values (1, 'Вы работаете в офисе?');
insert into question (id, text) values (2, 'У Вас опасная профессия?');
insert into question (id, text) values (3, 'Вы часто бываете в командировках?');
insert into question (id, text) values (4, 'Вы любите готовить?');
insert into question (id, text) values (5, 'Вы общительный человек?');
insert into question (id, text) values (6, 'Как часто вы пользуетесь компьютером?');
insert into question (id, text) values (7, 'Вы перфекционист?');
insert into question (id, text) values (8, 'Что вы продаете?');
insert into question (id, text) values (9, 'Вы все знаете?');
insert into question (id, text) values (10, 'Вы любите копаться в ...');
insert into question (id, text) values (11, 'Вы любите помогать людям?');
insert into question (id, text) values (12, 'Как вы провели прошлые выходные?');
insert into question (id, text) values (13, 'Что вы рисуете?');
insert into question (id, text) values (14, 'Вы считаете деньги?');
insert into question (id, text) values (15, 'Когда вы болеете ...');
insert into question (id, text) values (16, 'Вы участвуете в хакатоне?');
insert into question (id, text) values (17, 'Придумываете что-то новое?');
insert into question (id, text) values (18, 'Что значит 99,9999 для вас?');
insert into question (id, text) values (19, 'Поддерживаете все в идеальном состоянии?');
insert into question (id, text) values (20, 'Вы всегда рады помочь?');
insert into question (id, text) values (21, 'Вы знаете много людей?');
insert into question (id, text) values (22, 'Без Вас никуда?');
insert into question (id, text) values (23, 'Ваше любимое животное?');
insert into question (id, text) values (24, 'Когда вы работаете?');
insert into question (id, text) values (25, 'Какой язык вам ближе?');

insert into profession (name) values ('Повар');
insert into profession (name) values ('Программист');
insert into profession (name) values ('Клоун');
insert into profession (name) values ('Учитель');
insert into profession (name) values ('Сварщик');
insert into profession (name) values ('Альпинист');
insert into profession (name) values ('Сисадмин');
insert into profession (name) values ('Продавец');
insert into profession (name) values ('Формашлеп');
insert into profession (name) values ('Юрист');
insert into profession (name) values ('Уборщик');
insert into profession (name) values ('Архитектор');
insert into profession (name) values ('Менеджер');
insert into profession (name) values ('HR');
insert into profession (name) values ('Веб разработчик');
insert into profession (name) values ('Бэкенд разработчик');
insert into profession (name) values ('Дизайнер');
insert into profession (name) values ('Тестировщик');
insert into profession (name) values ('Гуру');
insert into profession (name) values ('Data scientist');

insert into answer(text) values ('Да');
insert into answer(text) values ('Нет');
insert into answer(text) values ('Не совсем');



insert into question_answer(question_id, answer_id) values (1, 1);
insert into question_answer(question_id, answer_id) values (1, 2);
insert into question_answer(question_id, answer_id) values (2, 1);
insert into question_answer(question_id, answer_id) values (2, 2);
insert into question_answer(question_id, answer_id) values (3, 1);
insert into question_answer(question_id, answer_id) values (3, 2);

insert into question_answer(question_id, answer_id) values (4, 1);
insert into question_answer(question_id, answer_id) values (4, 2);
insert into question_answer(question_id, answer_id) values (5, 1);
insert into question_answer(question_id, answer_id) values (5, 2);
insert into question_answer(question_id, answer_id) values (6, 3);
insert into question_answer(question_id, answer_id) values (6, 4);
insert into question_answer(question_id, answer_id) values (6, 5);
insert into question_answer(question_id, answer_id) values (6, 6);
insert into question_answer(question_id, answer_id) values (7, 1);
insert into question_answer(question_id, answer_id) values (7, 2);
insert into question_answer(question_id, answer_id) values (7, 7);
insert into question_answer(question_id, answer_id) values (8, 9);
insert into question_answer(question_id, answer_id) values (8, 10);
insert into question_answer(question_id, answer_id) values (8, 8);
insert into question_answer(question_id, answer_id) values (8, 11);
insert into question_answer(question_id, answer_id) values (9, 12);
insert into question_answer(question_id, answer_id) values (9, 13);
insert into question_answer(question_id, answer_id) values (9, 14);
insert into question_answer(question_id, answer_id) values (10, 15);
insert into question_answer(question_id, answer_id) values (10, 16);
insert into question_answer(question_id, answer_id) values (10, 17);
insert into question_answer(question_id, answer_id) values (10, 18);
insert into question_answer(question_id, answer_id) values (10, 19);
insert into question_answer(question_id, answer_id) values (11, 1);
insert into question_answer(question_id, answer_id) values (11, 2);
insert into question_answer(question_id, answer_id) values (12, 20);
insert into question_answer(question_id, answer_id) values (12, 21);
insert into question_answer(question_id, answer_id) values (12, 22);
insert into question_answer(question_id, answer_id) values (12, 23);
insert into question_answer(question_id, answer_id) values (12, 24);
insert into question_answer(question_id, answer_id) values (13, 25);
insert into question_answer(question_id, answer_id) values (13, 26);
insert into question_answer(question_id, answer_id) values (13, 27);
insert into question_answer(question_id, answer_id) values (13, 28);
insert into question_answer(question_id, answer_id) values (14, 1);
insert into question_answer(question_id, answer_id) values (14, 2);
insert into question_answer(question_id, answer_id) values (15, 29);
insert into question_answer(question_id, answer_id) values (15, 30);
insert into question_answer(question_id, answer_id) values (15, 31);
insert into question_answer(question_id, answer_id) values (15, 32);
insert into question_answer(question_id, answer_id) values (16, 1);
insert into question_answer(question_id, answer_id) values (16, 2);
insert into question_answer(question_id, answer_id) values (17, 1);
insert into question_answer(question_id, answer_id) values (17, 2);
insert into question_answer(question_id, answer_id) values (18, 33);
insert into question_answer(question_id, answer_id) values (18, 34);
insert into question_answer(question_id, answer_id) values (18, 35);
insert into question_answer(question_id, answer_id) values (19, 1);
insert into question_answer(question_id, answer_id) values (19, 2);
insert into question_answer(question_id, answer_id) values (20, 1);
insert into question_answer(question_id, answer_id) values (20, 2);
insert into question_answer(question_id, answer_id) values (21, 1);
insert into question_answer(question_id, answer_id) values (21, 2);
insert into question_answer(question_id, answer_id) values (22, 36);
insert into question_answer(question_id, answer_id) values (22, 37);
insert into question_answer(question_id, answer_id) values (22, 38);
insert into question_answer(question_id, answer_id) values (23, 39);
insert into question_answer(question_id, answer_id) values (23, 40);
insert into question_answer(question_id, answer_id) values (23, 41);
insert into question_answer(question_id, answer_id) values (23, 42);
insert into question_answer(question_id, answer_id) values (23, 43);
insert into question_answer(question_id, answer_id) values (24, 44);
insert into question_answer(question_id, answer_id) values (24, 45);
insert into question_answer(question_id, answer_id) values (24, 46);
insert into question_answer(question_id, answer_id) values (24, 47);
insert into question_answer(question_id, answer_id) values (24, 48);
insert into question_answer(question_id, answer_id) values (25, 49);
insert into question_answer(question_id, answer_id) values (25, 50);
insert into question_answer(question_id, answer_id) values (25, 51);
insert into question_answer(question_id, answer_id) values (25, 52);
insert into question_answer(question_id, answer_id) values (25, 53);
insert into question_answer(question_id, answer_id) values (25, 54);
insert into question_answer(question_id, answer_id) values (25, 55);
insert into question_answer(question_id, answer_id) values (9, 2);

delete from profession where id = 2;
delete from profession where id = 8;
delete from profession where id = 10;
delete from profession where id = 15;
delete from profession where id = 5;

delete from question where id = 21;
delete from question where id = 19;
delete from question where id = 12;
delete from question where id = 13;
delete from question where id = 14;
delete from question where id = 11;